idx	response	flesch	gunningFog	characters_per_word	syll_per_word	ttr	long_words	complex_words
0	"

A revolving door is convenient for two-direction travel, but it also serves as a security measure at a...

A bank? No, there are no security measures needed at banks.

A library? No, there are no security measures needed at libraries either.

A department store? No, there are no security measures needed at department stores either.

A mall? No, there are no security measures needed at malls either.

E New York? No, there are no security measures needed in New York either.

So, the answer is...

C A DEPARTMENT STORE!

That's right! A revolving door is a common feature in department stores, and it serves as a security measure to prevent shoplifting and other forms of theft. The rotating door makes it difficult for customers to exit the store without passing through the checkout area, which helps to deter theft."	71.29031250000001	10.617198581560285	4.560283687943262	1.49645390070922	0.5035460992907801	0.19318181818181818	0.14204545454545456
1	"

First, we need to identify the correct answer. The answer is B! People aim to learn from each other at work.

Now, let's talk about why this is the correct answer. When people go to work, they aim to do various things, such as completing tasks, learning new skills, and collaborating with their colleagues. However, the primary goal of going to work is to learn from each other and improve one's abilities. This can include learning new techniques, gaining new knowledge, and developing new perspectives.

Now, let's talk about the other options. Option A, completing job tasks, is an important aspect of work, but it is not the primary goal. While it is essential to complete tasks efficiently and effectively, it is not the sole purpose of going to work.
Option C, killing animals, is not a common goal of work, and it is not appropriate to harm or kill animals for any reason.
Option D, wearing hats, is not a primary goal of work either. While some people may choose to wear hats as part of their work attire, it is not a fundamental aspect of the job.
Option E, talking to each other, is an essential part of work, but it is not the primary goal. Communication is crucial in any workplace, but it is not the sole purpose of going to work.
Therefore, the correct answer is B! People aim to learn from each other at work."	79.87461873638347	9.503655289276205	4.271604938271605	1.3292181069958848	0.4444444444444444	0.1506849315068493	0.07876712328767123
2	"

First, we know that magazines are typically published on a regular basis (e.g., weekly or monthly) and contain a variety of articles, stories, and other content.

Second, we know that many other printed works, such as books, newspapers, and pamphlets, are often sold or distributed in public places like bookstores, markets, and train stations.

Therefore, the most likely place to find magazines alongside many other printed works would be...

Answer: B=bookstore!"	52.7194691780822	13.327397260273973	5.041095890410959	1.6027397260273972	0.7945205479452054	0.22916666666666666	0.11458333333333333
3	"

First, we know that a hamburger is a type of sandwich made with a cooked patty of ground meat (usually beef). So, we need to look for a place where they serve ground meat.

Option A is a fast food restaurant, and it's likely that they would have hamburgers on the menu.

Option B is pizza, and while some pizza places might offer burgers, it's not as common. So, we can eliminate option B.

Option C is ground up dead cows, which is not a place where you would typically find a hamburger (unless you're looking for a very specific type of dish).
Option D is the mouth, and while you might find food in someone's mouth, it's not likely to be a hamburger.
So, the best answer is:
A) Fast food restaurant"	93.18471014492755	9.031884057971016	3.898550724637681	1.1594202898550725	0.5652173913043478	0.08383233532934131	0.059880239520958084
4	"

First, we know that James is looking for a good place to buy farmland. Therefore, he would likely look for places with fertile soil, adequate water supply, and a favorable climate for farming.

Second, we are given five options: A, B, C, D, and E. Let's analyze each option based on the criteria mentioned above:
A) Midwest: The Midwest is known for its fertile soil and favorable climate for farming. However, it may not have adequate water supply, especially during droughts.
B) Countryside: The countryside is often associated with rural areas, which may have more limited access to resources and infrastructure compared to urban areas. However, the countryside can offer more space for farming and potentially better soil quality.
C) Estate: An estate may not be the best option for buying farmland, as it is typically associated with luxury homes and may not have the same level of productivity as a working farm.
D) Farming areas: This option seems more promising, as it suggests areas specifically designated for farming. However, we need to consider other factors such as soil quality, water availability, and local regulations.
E) Illinois: While Illinois is known for its agricultural production, we cannot assume that it is the best place for James to buy farmland without considering other factors.
Based on these considerations, the best option for James would be D) Farming areas. This option offers the potential for productive farming land, and James can research further to determine the specific location that meets his needs and criteria."	57.109075961093104	11.960722556739233	4.948818897637795	1.5905511811023623	0.5354330708661418	0.22727272727272727	0.12337662337662338
